news number,news
Title 1,"Sosok Danu Tersangka Pembunuhan Ibu dan Anak di Subang, 2 Tahun Simpan Rahasia, Sempat Bersihkan TKP"
Title 2,"Pengamat: Kalau Mahfud Jadi Cawapres Ganjar, Prabowo Bisa Saja Tak Peduli dan Pilih Gibran"
Title 3,"Pengakuan Danu, Tersangka Pembunuhan Ibu dan Anak di Subang, Buat 4 Orang Lain Ditangkap"
Title 4,"Resmi, Mahfud MD Bakal Cawapres Ganjar Pranowo"
Title 5,"Jokowi Tak Hadiri Pengumuman Cawapres Ganjar, Puan Tegaskan Tak Pecah Kongsi"
Title 6,Akhir Jabatan Jokowi Diprediksi Runyam jika Paksakan Gibran Cawapres
Title 7,Tersangka Kasus Pembunuhan Ibu dan Anak di Subang Bertambah Jadi 5 Orang
Title 8,"""Kabar Baik"" dari Putusan Mahkamah Konstitusi"
Title 9,"Kasus Pembunuhan Ibu dan Anak di Subang, Danu Bukan Tersangka Tunggal"
Title 10,"Beda Kebiasaan PDI-P di Hari Deklarasi Ganjar-Mahfud, Absennya Jokowi"
